patch,league,side,result,total_games,win_rate
12.01,CBLOL,Blue,6,10.0,0.6
12.01,CBLOL,Red,4,10.0,0.4
12.01,CBLOLA,Blue,6,10.0,0.6
12.01,CBLOLA,Red,4,10.0,0.4
12.01,DDH,Blue,10,24.0,0.4166666666666667
12.01,DDH,Red,14,24.0,0.5833333333333334
12.01,EBL,Blue,6,12.0,0.5
12.01,EBL,Red,6,12.0,0.5
12.01,EL,Blue,4,8.0,0.5
12.01,EL,Red,4,8.0,0.5
12.01,ESLOL,Blue,11,16.0,0.6875
12.01,ESLOL,Red,5,16.0,0.3125
12.01,GL,Blue,6,8.0,0.75
12.01,GL,Red,2,8.0,0.25
12.01,GLL,Blue,7,16.0,0.4375
12.01,GLL,Red,9,16.0,0.5625
12.01,HM,Blue,8,16.0,0.5
12.01,HM,Red,8,16.0,0.5
12.01,LCK,Blue,21,47.0,0.44680851063829785
12.01,LCK,Red,26,47.0,0.5531914893617021
12.01,LCKC,Blue,17,40.0,0.425
12.01,LCKC,Red,23,40.0,0.575
12.01,LCO,Blue,5,8.0,0.625
12.01,LCO,Red,3,8.0,0.375
12.01,LCS,Blue,16,29.0,0.5517241379310345
12.01,LCS,Red,13,29.0,0.4482758620689655
12.01,LCSA,Blue,7,20.0,0.35
12.01,LCSA,Red,13,20.0,0.65
12.01,LEC,Blue,13,25.0,0.52
12.01,LEC,Red,12,25.0,0.48
12.01,LFL,Blue,14,30.0,0.4666666666666667
12.01,LFL,Red,16,30.0,0.5333333333333333
12.01,LFL2,Blue,10,20.0,0.5
12.01,LFL2,Red,10,20.0,0.5
12.01,LHE,Blue,5,10.0,0.5
12.01,LHE,Red,5,10.0,0.5
12.01,LMF,Blue,10,17.0,0.5882352941176471
12.01,LMF,Red,7,17.0,0.4117647058823529
12.01,LPLOL,Blue,6,16.0,0.375
12.01,LPLOL,Red,10,16.0,0.625
12.01,LVP SL,Blue,16,30.0,0.5333333333333333
12.01,LVP SL,Red,14,30.0,0.4666666666666667
12.01,NLC,Blue,14,30.0,0.4666666666666667
12.01,NLC,Red,16,30.0,0.5333333333333333
12.01,PGC,Blue,70,143.0,0.48951048951048953
12.01,PGC,Red,73,143.0,0.5104895104895105
12.01,PGN,Blue,7,16.0,0.4375
12.01,PGN,Red,9,16.0,0.5625
12.01,PRM,Blue,18,40.0,0.45
12.01,PRM,Red,22,40.0,0.55
12.01,SL (LATAM),Blue,6,8.0,0.75
12.01,SL (LATAM),Red,2,8.0,0.25
12.01,TAL,Blue,8,10.0,0.8
12.01,TAL,Red,2,10.0,0.2
12.01,TCL,Blue,3,10.0,0.3
12.01,TCL,Red,7,10.0,0.7
12.01,UL,Blue,13,20.0,0.65
12.01,UL,Red,7,20.0,0.35
12.01,VL,Blue,3,8.0,0.375
12.01,VL,Red,5,8.0,0.625
12.02,CBLOL,Blue,13,20.0,0.65
12.02,CBLOL,Red,7,20.0,0.35
12.02,CBLOLA,Blue,13,20.0,0.65
12.02,CBLOLA,Red,7,20.0,0.35
12.02,DDH,Blue,11,24.0,0.4583333333333333
12.02,DDH,Red,13,24.0,0.5416666666666666
12.02,EBL,Blue,12,20.0,0.6
12.02,EBL,Red,8,20.0,0.4
12.02,EL,Blue,8,16.0,0.5
12.02,EL,Red,8,16.0,0.5
12.02,ESLOL,Blue,7,16.0,0.4375
12.02,ESLOL,Red,9,16.0,0.5625
12.02,GL,Blue,10,19.0,0.5263157894736842
12.02,GL,Red,9,19.0,0.47368421052631576
12.02,GLL,Blue,8,16.0,0.5
12.02,GLL,Red,8,16.0,0.5
12.02,HC,Blue,11,16.0,0.6875
12.02,HC,Red,5,16.0,0.3125
12.02,HM,Blue,8,16.0,0.5
12.02,HM,Red,8,16.0,0.5
12.02,LCK,Blue,28,49.0,0.5714285714285714
12.02,LCK,Red,21,49.0,0.42857142857142855
12.02,LCKC,Blue,20,39.0,0.5128205128205128
12.02,LCKC,Red,19,39.0,0.48717948717948717
12.02,LCO,Blue,9,16.0,0.5625
12.02,LCO,Red,7,16.0,0.4375
12.02,LCS,Blue,8,20.0,0.4
12.02,LCS,Red,12,20.0,0.6
12.02,LCSA,Blue,21,40.0,0.525
12.02,LCSA,Red,19,40.0,0.475
12.02,LEC,Blue,12,20.0,0.6
12.02,LEC,Red,8,20.0,0.4
12.02,LFL,Blue,13,20.0,0.65
12.02,LFL,Red,7,20.0,0.35
12.02,LFL2,Blue,9,20.0,0.45
12.02,LFL2,Red,11,20.0,0.55
12.02,LHE,Blue,9,18.0,0.5
12.02,LHE,Red,9,18.0,0.5
12.02,LJL,Blue,1,8.0,0.125
12.02,LJL,Red,7,8.0,0.875
12.02,LLA,Blue,6,16.0,0.375
12.02,LLA,Red,10,16.0,0.625
12.02,LMF,Blue,15,37.0,0.40540540540540543
12.02,LMF,Red,22,37.0,0.5945945945945946
12.02,LPLOL,Blue,5,16.0,0.3125
12.02,LPLOL,Red,11,16.0,0.6875
12.02,LVP SL,Blue,11,20.0,0.55
12.02,LVP SL,Red,9,20.0,0.45
12.02,NLC,Blue,8,20.0,0.4
12.02,NLC,Red,12,20.0,0.6
12.02,PGN,Blue,7,16.0,0.4375
12.02,PGN,Red,9,16.0,0.5625
12.02,PRM,Blue,10,25.0,0.4
12.02,PRM,Red,15,25.0,0.6
12.02,SL (LATAM),Blue,12,19.0,0.631578947368421
12.02,SL (LATAM),Red,7,19.0,0.3684210526315789
12.02,TAL,Blue,11,20.0,0.55
12.02,TAL,Red,9,20.0,0.45
12.02,TCL,Blue,6,20.0,0.3
12.02,TCL,Red,14,20.0,0.7
12.02,UL,Blue,16,30.0,0.5333333333333333
12.02,UL,Red,14,30.0,0.4666666666666667
12.02,VCS,Blue,16,27.0,0.5925925925925926
12.02,VCS,Red,11,27.0,0.4074074074074074
12.02,VL,Blue,9,20.0,0.45
12.02,VL,Red,11,20.0,0.55
12.03,CBLOL,Blue,9,20.0,0.45
12.03,CBLOL,Red,11,20.0,0.55
12.03,CBLOLA,Blue,11,20.0,0.55
12.03,CBLOLA,Red,9,20.0,0.45
12.03,DDH,Blue,10,17.0,0.5882352941176471
12.03,DDH,Red,7,17.0,0.4117647058823529
12.03,EBL,Blue,3,16.0,0.1875
12.03,EBL,Red,13,16.0,0.8125
12.03,EL,Blue,12,16.0,0.75
12.03,EL,Red,4,16.0,0.25
12.03,ESLOL,Blue,8,16.0,0.5
12.03,ESLOL,Red,8,16.0,0.5
12.03,GL,Blue,6,15.0,0.4
12.03,GL,Red,9,15.0,0.6
12.03,GLL,Blue,9,16.0,0.5625
12.03,GLL,Red,7,16.0,0.4375
12.03,HC,Blue,9,16.0,0.5625
12.03,HC,Red,7,16.0,0.4375
12.03,HM,Blue,8,16.0,0.5
12.03,HM,Red,8,16.0,0.5
12.03,LCK,Blue,22,47.0,0.46808510638297873
12.03,LCK,Red,25,47.0,0.5319148936170213
12.03,LCKC,Blue,22,38.0,0.5789473684210527
12.03,LCKC,Red,16,38.0,0.42105263157894735
12.03,LCL,Blue,9,16.0,0.5625
12.03,LCL,Red,7,16.0,0.4375
12.03,LCO,Blue,11,24.0,0.4583333333333333
12.03,LCO,Red,13,24.0,0.5416666666666666
12.03,LCS,Blue,6,19.0,0.3157894736842105
12.03,LCS,Red,13,19.0,0.6842105263157895
12.03,LCSA,Blue,24,50.0,0.48
12.03,LCSA,Red,26,50.0,0.52
12.03,LEC,Blue,7,14.0,0.5
12.03,LEC,Red,7,14.0,0.5
12.03,LFL,Blue,12,20.0,0.6
12.03,LFL,Red,8,20.0,0.4
12.03,LFL2,Blue,8,20.0,0.4
12.03,LFL2,Red,12,20.0,0.6
12.03,LHE,Blue,13,21.0,0.6190476190476191
12.03,LHE,Red,8,21.0,0.38095238095238093
12.03,LJL,Blue,14,24.0,0.5833333333333334
12.03,LJL,Red,10,24.0,0.4166666666666667
12.03,LLA,Blue,8,16.0,0.5
12.03,LLA,Red,8,16.0,0.5
12.03,LMF,Blue,12,35.0,0.34285714285714286
12.03,LMF,Red,23,35.0,0.6571428571428571
12.03,LPLOL,Blue,7,15.0,0.4666666666666667
12.03,LPLOL,Red,8,15.0,0.5333333333333333
12.03,LVP SL,Blue,9,20.0,0.45
12.03,LVP SL,Red,11,20.0,0.55
12.03,NLC,Blue,6,20.0,0.3
12.03,NLC,Red,14,20.0,0.7
12.03,PCS,Blue,33,43.0,0.7674418604651163
12.03,PCS,Red,10,43.0,0.23255813953488372
12.03,PGC,Blue,40,75.0,0.5333333333333333
12.03,PGC,Red,35,75.0,0.4666666666666667
12.03,PGN,Blue,7,16.0,0.4375
12.03,PGN,Red,9,16.0,0.5625
12.03,PRM,Blue,12,25.0,0.48
12.03,PRM,Red,13,25.0,0.52
12.03,SL (LATAM),Blue,11,14.0,0.7857142857142857
12.03,SL (LATAM),Red,3,14.0,0.21428571428571427
12.03,TAL,Blue,7,20.0,0.35
12.03,TAL,Red,13,20.0,0.65
12.03,TCL,Blue,14,20.0,0.7
12.03,TCL,Red,6,20.0,0.3
12.03,UL,Blue,11,20.0,0.55
12.03,UL,Red,9,20.0,0.45
12.03,UPL,Blue,13,25.0,0.52
12.03,UPL,Red,12,25.0,0.48
12.03,VCS,Blue,12,30.0,0.4
12.03,VCS,Red,18,30.0,0.6
12.03,VL,Blue,6,15.0,0.4
12.03,VL,Red,9,15.0,0.6
12.04,CBLOL,Blue,13,20.0,0.65
12.04,CBLOL,Red,7,20.0,0.35
12.04,CBLOLA,Blue,12,20.0,0.6
12.04,CBLOLA,Red,8,20.0,0.4
12.04,DDH,Blue,19,26.0,0.7307692307692307
12.04,DDH,Red,7,26.0,0.2692307692307692
12.04,EBL,Blue,9,19.0,0.47368421052631576
12.04,EBL,Red,10,19.0,0.5263157894736842
12.04,EL,Blue,7,16.0,0.4375
12.04,EL,Red,9,16.0,0.5625
12.04,ESLOL,Blue,10,26.0,0.38461538461538464
12.04,ESLOL,Red,15,26.0,0.5769230769230769
12.04,GL,Blue,8,14.0,0.5714285714285714
12.04,GL,Red,6,14.0,0.42857142857142855
12.04,GLL,Blue,12,22.0,0.5454545454545454
12.04,GLL,Red,10,22.0,0.45454545454545453
12.04,HC,Blue,16,25.0,0.64
12.04,HC,Red,9,25.0,0.36
12.04,HM,Blue,12,24.0,0.5
12.04,HM,Red,12,24.0,0.5
12.04,LCK,Blue,21,46.0,0.45652173913043476
12.04,LCK,Red,25,46.0,0.5434782608695652
12.04,LCKC,Blue,21,35.0,0.6
12.04,LCKC,Red,14,35.0,0.4
12.04,LCO,Blue,9,20.0,0.45
12.04,LCO,Red,11,20.0,0.55
12.04,LCS,Blue,14,25.0,0.56
12.04,LCS,Red,11,25.0,0.44
12.04,LCSA,Blue,23,40.0,0.575
12.04,LCSA,Red,17,40.0,0.425
12.04,LEC,Blue,10,18.0,0.5555555555555556
12.04,LEC,Red,8,18.0,0.4444444444444444
12.04,LFL,Blue,13,20.0,0.65
12.04,LFL,Red,7,20.0,0.35
12.04,LFL2,Blue,13,20.0,0.65
12.04,LFL2,Red,7,20.0,0.35
12.04,LHE,Blue,9,20.0,0.45
12.04,LHE,Red,11,20.0,0.55
12.04,LJL,Blue,15,28.0,0.5357142857142857
12.04,LJL,Red,13,28.0,0.4642857142857143
12.04,LLA,Blue,8,16.0,0.5
12.04,LLA,Red,8,16.0,0.5
12.04,LMF,Blue,22,32.0,0.6875
12.04,LMF,Red,10,32.0,0.3125
12.04,LPLOL,Blue,8,25.0,0.32
12.04,LPLOL,Red,17,25.0,0.68
12.04,LVP SL,Blue,11,20.0,0.55
12.04,LVP SL,Red,9,20.0,0.45
12.04,NLC,Blue,11,20.0,0.55
12.04,NLC,Red,9,20.0,0.45
12.04,PCS,Blue,19,32.0,0.59375
12.04,PCS,Red,13,32.0,0.40625
12.04,PGC,Blue,39,69.0,0.5652173913043478
12.04,PGC,Red,30,69.0,0.43478260869565216
12.04,PGN,Blue,12,21.0,0.5714285714285714
12.04,PGN,Red,9,21.0,0.42857142857142855
12.04,PRM,Blue,8,17.0,0.47058823529411764
12.04,PRM,Red,9,17.0,0.5294117647058824
12.04,SL (LATAM),Blue,6,10.0,0.6
12.04,SL (LATAM),Red,4,10.0,0.4
12.04,TAL,Blue,4,20.0,0.2
12.04,TAL,Red,16,20.0,0.8
12.04,TCL,Blue,11,20.0,0.55
12.04,TCL,Red,9,20.0,0.45
12.04,UL,Blue,13,20.0,0.65
12.04,UL,Red,7,20.0,0.35
12.04,UPL,Blue,31,47.0,0.6595744680851063
12.04,UPL,Red,16,47.0,0.3404255319148936
12.04,VCS,Blue,15,32.0,0.46875
12.04,VCS,Red,17,32.0,0.53125
12.04,VL,Blue,5,12.0,0.4166666666666667
12.04,VL,Red,7,12.0,0.5833333333333334
12.05,CBLOL,Blue,26,52.0,0.5
12.05,CBLOL,Red,26,52.0,0.5
12.05,CBLOLA,Blue,16,41.0,0.3902439024390244
12.05,CBLOLA,Red,25,41.0,0.6097560975609756
12.05,DDH,Blue,5,11.0,0.45454545454545453
12.05,DDH,Red,6,11.0,0.5454545454545454
12.05,EBL,Blue,1,3.0,0.3333333333333333
12.05,EBL,Red,2,3.0,0.6666666666666666
12.05,EL,Blue,7,11.0,0.6363636363636364
12.05,EL,Red,4,11.0,0.36363636363636365
12.05,EUM,Blue,28,58.0,0.4827586206896552
12.05,EUM,Red,30,58.0,0.5172413793103449
12.05,GL,Blue,15,26.0,0.5769230769230769
12.05,GL,Red,11,26.0,0.4230769230769231
12.05,HC,Blue,10,15.0,0.6666666666666666
12.05,HC,Red,5,15.0,0.3333333333333333
12.05,LCK,Blue,24,43.0,0.5581395348837209
12.05,LCK,Red,19,43.0,0.4418604651162791
12.05,LCKC,Blue,18,38.0,0.47368421052631576
12.05,LCKC,Red,20,38.0,0.5263157894736842
12.05,LCO,Blue,11,38.0,0.2894736842105263
12.05,LCO,Red,27,38.0,0.7105263157894737
12.05,LCS,Blue,13,36.0,0.3611111111111111
12.05,LCS,Red,23,36.0,0.6388888888888888
12.05,LCSA,Blue,58,120.0,0.48333333333333334
12.05,LCSA,Red,62,120.0,0.5166666666666667
12.05,LEC,Blue,1,1.0,1.0
12.05,LEC,Red,0,1.0,0.0
12.05,LFL,Blue,10,24.0,0.4166666666666667
12.05,LFL,Red,14,24.0,0.5833333333333334
12.05,LFL2,Blue,13,33.0,0.3939393939393939
12.05,LFL2,Red,20,33.0,0.6060606060606061
12.05,LHE,Blue,28,53.0,0.5283018867924528
12.05,LHE,Red,25,53.0,0.4716981132075472
12.05,LJL,Blue,22,48.0,0.4583333333333333
12.05,LJL,Red,26,48.0,0.5416666666666666
12.05,LLA,Blue,14,42.0,0.3333333333333333
12.05,LLA,Red,28,42.0,0.6666666666666666
12.05,LMF,Blue,22,37.0,0.5945945945945946
12.05,LMF,Red,15,37.0,0.40540540540540543
12.05,LVP SL,Blue,12,21.0,0.5714285714285714
12.05,LVP SL,Red,9,21.0,0.42857142857142855
12.05,NEXO,Blue,12,19.0,0.631578947368421
12.05,NEXO,Red,7,19.0,0.3684210526315789
12.05,NLC,Blue,9,20.0,0.45
12.05,NLC,Red,11,20.0,0.55
12.05,PCS,Blue,28,61.0,0.45901639344262296
12.05,PCS,Red,33,61.0,0.5409836065573771
12.05,PRM,Blue,1,3.0,0.3333333333333333
12.05,PRM,Red,2,3.0,0.6666666666666666
12.05,SL (LATAM),Blue,7,21.0,0.3333333333333333
12.05,SL (LATAM),Red,14,21.0,0.6666666666666666
12.05,TAL,Blue,16,35.0,0.45714285714285713
12.05,TAL,Red,19,35.0,0.5428571428571428
12.05,TCL,Blue,20,41.0,0.4878048780487805
12.05,TCL,Red,21,41.0,0.5121951219512195
12.05,UL,Blue,12,22.0,0.5454545454545454
12.05,UL,Red,10,22.0,0.45454545454545453
12.05,UPL,Blue,36,69.0,0.5217391304347826
12.05,UPL,Red,33,69.0,0.4782608695652174
12.05,VCS,Blue,21,41.0,0.5121951219512195
12.05,VCS,Red,20,41.0,0.4878048780487805
12.05,VL,Blue,3,16.0,0.1875
12.05,VL,Red,13,16.0,0.8125
12.06,EUM,Blue,39,74.0,0.527027027027027
12.06,EUM,Red,35,74.0,0.47297297297297297
12.06,LCS,Blue,15,29.0,0.5172413793103449
12.06,LCS,Red,14,29.0,0.4827586206896552
12.06,NEXO,Blue,9,15.0,0.6
12.06,NEXO,Red,6,15.0,0.4
12.06,SL (LATAM),Blue,4,9.0,0.4444444444444444
12.06,SL (LATAM),Red,5,9.0,0.5555555555555556
12.06,UPL,Blue,28,43.0,0.6511627906976745
12.06,UPL,Red,15,43.0,0.3488372093023256
12.06,VCS,Blue,8,12.0,0.6666666666666666
12.06,VCS,Red,4,12.0,0.3333333333333333
12.06,VL,Blue,3,5.0,0.6
12.06,VL,Red,2,5.0,0.4
12.07,LAS,Blue,26,48.0,0.5416666666666666
12.07,LAS,Red,22,48.0,0.4583333333333333
12.07,NEXO,Blue,11,25.0,0.44
12.07,NEXO,Red,14,25.0,0.56
12.07,UPL,Blue,6,9.0,0.6666666666666666
12.07,UPL,Red,3,9.0,0.3333333333333333
12.08,LAS,Blue,17,34.0,0.5
12.08,LAS,Red,17,34.0,0.5
12.08,LHE,Blue,8,15.0,0.5333333333333333
12.08,LHE,Red,7,15.0,0.4666666666666667
12.08,LMF,Blue,10,17.0,0.5882352941176471
12.08,LMF,Red,7,17.0,0.4117647058823529
12.08,MSI,Blue,43,80.0,0.5375
12.08,MSI,Red,37,80.0,0.4625
12.08,NEXO,Blue,4,15.0,0.26666666666666666
12.08,NEXO,Red,11,15.0,0.7333333333333333
12.08,VCS,Blue,9,20.0,0.45
12.08,VCS,Red,11,20.0,0.55
12.09,DDH,Blue,18,36.0,0.5
12.09,DDH,Red,18,36.0,0.5
12.09,EL,Blue,11,16.0,0.6875
12.09,EL,Red,5,16.0,0.3125
12.09,GL,Blue,11,18.0,0.6111111111111112
12.09,GL,Red,7,18.0,0.3888888888888889
12.09,GLL,Blue,5,8.0,0.625
12.09,GLL,Red,3,8.0,0.375
12.09,LAS,Blue,7,18.0,0.3888888888888889
12.09,LAS,Red,11,18.0,0.6111111111111112
12.09,LFL,Blue,7,10.0,0.7
12.09,LFL,Red,3,10.0,0.3
12.09,LFL2,Blue,3,10.0,0.3
12.09,LFL2,Red,7,10.0,0.7
12.09,LHE,Blue,17,30.0,0.5666666666666667
12.09,LHE,Red,13,30.0,0.43333333333333335
12.09,LMF,Blue,18,36.0,0.5
12.09,LMF,Red,18,36.0,0.5
12.09,LVP SL,Blue,4,10.0,0.4
12.09,LVP SL,Red,6,10.0,0.6
12.09,NEXO,Blue,11,17.0,0.6470588235294118
12.09,NEXO,Red,6,17.0,0.35294117647058826
12.09,NLC,Blue,8,10.0,0.8
12.09,NLC,Red,2,10.0,0.2
12.09,PGC,Blue,44,77.0,0.5714285714285714
12.09,PGC,Red,33,77.0,0.42857142857142855
12.09,PRM,Blue,6,10.0,0.6
12.09,PRM,Red,4,10.0,0.4
12.09,SL (LATAM),Blue,7,16.0,0.4375
12.09,SL (LATAM),Red,9,16.0,0.5625
12.09,UL,Blue,7,10.0,0.7
12.09,UL,Red,3,10.0,0.3
12.09,VL,Blue,10,20.0,0.5
12.09,VL,Red,10,20.0,0.5
12.1,CBLOL,Blue,6,10.0,0.6
12.1,CBLOL,Red,4,10.0,0.4
12.1,CBLOLA,Blue,7,10.0,0.7
12.1,CBLOLA,Red,3,10.0,0.3
12.1,DDH,Blue,10,20.0,0.5
12.1,DDH,Red,10,20.0,0.5
12.1,EBL,Blue,6,16.0,0.375
12.1,EBL,Red,10,16.0,0.625
12.1,EL,Blue,7,16.0,0.4375
12.1,EL,Red,9,16.0,0.5625
12.1,ESLOL,Blue,11,16.0,0.6875
12.1,ESLOL,Red,5,16.0,0.3125
12.1,GL,Blue,11,18.0,0.6111111111111112
12.1,GL,Red,7,18.0,0.3888888888888889
12.1,GLL,Blue,10,16.0,0.625
12.1,GLL,Red,6,16.0,0.375
12.1,HC,Blue,10,19.0,0.5263157894736842
12.1,HC,Red,9,19.0,0.47368421052631576
12.1,HM,Blue,8,12.0,0.6666666666666666
12.1,HM,Red,4,12.0,0.3333333333333333
12.1,LCK,Blue,10,22.0,0.45454545454545453
12.1,LCK,Red,12,22.0,0.5454545454545454
12.1,LCKC,Blue,7,20.0,0.35
12.1,LCKC,Red,13,20.0,0.65
12.1,LCO,Blue,11,16.0,0.6875
12.1,LCO,Red,5,16.0,0.3125
12.1,LCSA,Blue,14,30.0,0.4666666666666667
12.1,LCSA,Red,16,30.0,0.5333333333333333
12.1,LFL,Blue,13,20.0,0.65
12.1,LFL,Red,7,20.0,0.35
12.1,LFL2,Blue,10,20.0,0.5
12.1,LFL2,Red,10,20.0,0.5
12.1,LHE,Blue,18,30.0,0.6
12.1,LHE,Red,12,30.0,0.4
12.1,LLA,Blue,5,6.0,0.8333333333333334
12.1,LLA,Red,1,6.0,0.16666666666666666
12.1,LMF,Blue,19,35.0,0.5428571428571428
12.1,LMF,Red,16,35.0,0.45714285714285713
12.1,LPLOL,Blue,12,16.0,0.75
12.1,LPLOL,Red,4,16.0,0.25
12.1,LVP SL,Blue,8,20.0,0.4
12.1,LVP SL,Red,12,20.0,0.6
12.1,NEXO,Blue,12,20.0,0.6
12.1,NEXO,Red,8,20.0,0.4
12.1,NLC,Blue,10,20.0,0.5
12.1,NLC,Red,10,20.0,0.5
12.1,PGC,Blue,35,65.0,0.5384615384615384
12.1,PGC,Red,30,65.0,0.46153846153846156
12.1,PGN,Blue,7,15.0,0.4666666666666667
12.1,PGN,Red,8,15.0,0.5333333333333333
12.1,PRM,Blue,10,20.0,0.5
12.1,PRM,Red,10,20.0,0.5
12.1,SL (LATAM),Blue,14,24.0,0.5833333333333334
12.1,SL (LATAM),Red,10,24.0,0.4166666666666667
12.1,TAL,Blue,10,10.0,1.0
12.1,TAL,Red,0,10.0,0.0
12.1,TCL,Blue,5,10.0,0.5
12.1,TCL,Red,5,10.0,0.5
12.1,UL,Blue,12,20.0,0.6
12.1,UL,Red,8,20.0,0.4
12.1,VL,Blue,11,19.0,0.5789473684210527
12.1,VL,Red,8,19.0,0.42105263157894735
12.11,CBLOL,Blue,14,20.0,0.7
12.11,CBLOL,Red,6,20.0,0.3
12.11,CBLOLA,Blue,12,20.0,0.6
12.11,CBLOLA,Red,8,20.0,0.4
12.11,DDH,Blue,23,31.0,0.7419354838709677
12.11,DDH,Red,8,31.0,0.25806451612903225
12.11,EBL,Blue,9,16.0,0.5625
12.11,EBL,Red,7,16.0,0.4375
12.11,EL,Blue,8,15.0,0.5333333333333333
12.11,EL,Red,7,15.0,0.4666666666666667
12.11,ESLOL,Blue,13,17.0,0.7647058823529411
12.11,ESLOL,Red,3,17.0,0.17647058823529413
12.11,GL,Blue,9,13.0,0.6923076923076923
12.11,GL,Red,4,13.0,0.3076923076923077
12.11,GLL,Blue,8,16.0,0.5
12.11,GLL,Red,8,16.0,0.5
12.11,HC,Blue,5,16.0,0.3125
12.11,HC,Red,11,16.0,0.6875
12.11,HM,Blue,5,12.0,0.4166666666666667
12.11,HM,Red,7,12.0,0.5833333333333334
12.11,LCK,Blue,24,46.0,0.5217391304347826
12.11,LCK,Red,22,46.0,0.4782608695652174
12.11,LCKC,Blue,21,39.0,0.5384615384615384
12.11,LCKC,Red,18,39.0,0.46153846153846156
12.11,LCO,Blue,8,16.0,0.5
12.11,LCO,Red,8,16.0,0.5
12.11,LCS,Blue,11,25.0,0.44
12.11,LCS,Red,14,25.0,0.56
12.11,LCSA,Blue,29,50.0,0.58
12.11,LCSA,Red,21,50.0,0.42
12.11,LEC,Blue,12,25.0,0.48
12.11,LEC,Red,13,25.0,0.52
12.11,LFL,Blue,14,25.0,0.56
12.11,LFL,Red,11,25.0,0.44
12.11,LFL2,Blue,5,15.0,0.3333333333333333
12.11,LFL2,Red,10,15.0,0.6666666666666666
12.11,LHE,Blue,10,28.0,0.35714285714285715
12.11,LHE,Red,18,28.0,0.6428571428571429
12.11,LJL,Blue,12,19.0,0.631578947368421
12.11,LJL,Red,7,19.0,0.3684210526315789
12.11,LLA,Blue,10,18.0,0.5555555555555556
12.11,LLA,Red,8,18.0,0.4444444444444444
12.11,LMF,Blue,19,42.0,0.4523809523809524
12.11,LMF,Red,23,42.0,0.5476190476190477
12.11,LPLOL,Blue,8,16.0,0.5
12.11,LPLOL,Red,8,16.0,0.5
12.11,LVP SL,Blue,11,25.0,0.44
12.11,LVP SL,Red,14,25.0,0.56
12.11,NLC,Blue,11,20.0,0.55
12.11,NLC,Red,9,20.0,0.45
12.11,PCS,Blue,18,28.0,0.6428571428571429
12.11,PCS,Red,10,28.0,0.35714285714285715
12.11,PGN,Blue,11,16.0,0.6875
12.11,PGN,Red,5,16.0,0.3125
12.11,PRM,Blue,9,20.0,0.45
12.11,PRM,Red,11,20.0,0.55
12.11,SL (LATAM),Blue,11,18.0,0.6111111111111112
12.11,SL (LATAM),Red,7,18.0,0.3888888888888889
12.11,TAL,Blue,12,20.0,0.6
12.11,TAL,Red,8,20.0,0.4
12.11,TCL,Blue,10,20.0,0.5
12.11,TCL,Red,10,20.0,0.5
12.11,UL,Blue,12,20.0,0.6
12.11,UL,Red,8,20.0,0.4
12.11,UPL,Blue,13,30.0,0.43333333333333335
12.11,UPL,Red,17,30.0,0.5666666666666667
12.11,VL,Blue,6,13.0,0.46153846153846156
12.11,VL,Red,7,13.0,0.5384615384615384
12.12,CBLOL,Blue,13,30.0,0.43333333333333335
12.12,CBLOL,Red,17,30.0,0.5666666666666667
12.12,CBLOLA,Blue,19,30.0,0.6333333333333333
12.12,CBLOLA,Red,11,30.0,0.36666666666666664
12.12,DDH,Blue,10,17.0,0.5882352941176471
12.12,DDH,Red,7,17.0,0.4117647058823529
12.12,EBL,Blue,9,24.0,0.375
12.12,EBL,Red,15,24.0,0.625
12.12,EL,Blue,11,21.0,0.5238095238095238
12.12,EL,Red,10,21.0,0.47619047619047616
12.12,ESLOL,Blue,18,25.0,0.72
12.12,ESLOL,Red,7,25.0,0.28
12.12,GL,Blue,5,26.0,0.19230769230769232
12.12,GL,Red,21,26.0,0.8076923076923077
12.12,GLL,Blue,15,23.0,0.6521739130434783
12.12,GLL,Red,8,23.0,0.34782608695652173
12.12,HC,Blue,19,32.0,0.59375
12.12,HC,Red,13,32.0,0.40625
12.12,HM,Blue,15,24.0,0.625
12.12,HM,Red,9,24.0,0.375
12.12,LCK,Blue,36,72.0,0.5
12.12,LCK,Red,36,72.0,0.5
12.12,LCKC,Blue,28,60.0,0.4666666666666667
12.12,LCKC,Red,32,60.0,0.5333333333333333
12.12,LCO,Blue,16,28.0,0.5714285714285714
12.12,LCO,Red,12,28.0,0.42857142857142855
12.12,LCS,Blue,10,20.0,0.5
12.12,LCS,Red,10,20.0,0.5
12.12,LCSA,Blue,23,50.0,0.46
12.12,LCSA,Red,27,50.0,0.54
12.12,LEC,Blue,13,20.0,0.65
12.12,LEC,Red,7,20.0,0.35
12.12,LFL,Blue,15,25.0,0.6
12.12,LFL,Red,10,25.0,0.4
12.12,LFL2,Blue,14,35.0,0.4
12.12,LFL2,Red,21,35.0,0.6
12.12,LHE,Blue,9,18.0,0.5
12.12,LHE,Red,9,18.0,0.5
12.12,LJL,Blue,11,24.0,0.4583333333333333
12.12,LJL,Red,13,24.0,0.5416666666666666
12.12,LJLA,Blue,6,12.0,0.5
12.12,LJLA,Red,6,12.0,0.5
12.12,LLA,Blue,10,16.0,0.625
12.12,LLA,Red,6,16.0,0.375
12.12,LMF,Blue,12,31.0,0.3870967741935484
12.12,LMF,Red,19,31.0,0.6129032258064516
12.12,LPLOL,Blue,9,21.0,0.42857142857142855
12.12,LPLOL,Red,12,21.0,0.5714285714285714
12.12,LVP SL,Blue,10,25.0,0.4
12.12,LVP SL,Red,15,25.0,0.6
12.12,NLC,Blue,13,30.0,0.43333333333333335
12.12,NLC,Red,17,30.0,0.5666666666666667
12.12,PCS,Blue,20,30.0,0.6666666666666666
12.12,PCS,Red,10,30.0,0.3333333333333333
12.12,PGC,Blue,73,133.0,0.5488721804511278
12.12,PGC,Red,60,133.0,0.45112781954887216
12.12,PGN,Blue,17,24.0,0.7083333333333334
12.12,PGN,Red,7,24.0,0.2916666666666667
12.12,PRM,Blue,15,30.0,0.5
12.12,PRM,Red,15,30.0,0.5
12.12,SL (LATAM),Blue,9,15.0,0.6
12.12,SL (LATAM),Red,6,15.0,0.4
12.12,TAL,Blue,11,20.0,0.55
12.12,TAL,Red,9,20.0,0.45
12.12,TCL,Blue,10,18.0,0.5555555555555556
12.12,TCL,Red,8,18.0,0.4444444444444444
12.12,UL,Blue,18,30.0,0.6
12.12,UL,Red,12,30.0,0.4
12.12,UPL,Blue,17,36.0,0.4722222222222222
12.12,UPL,Red,19,36.0,0.5277777777777778
12.12,VCS,Blue,28,63.0,0.4444444444444444
12.12,VCS,Red,35,63.0,0.5555555555555556
12.12,VL,Blue,16,28.0,0.5714285714285714
12.12,VL,Red,12,28.0,0.42857142857142855
12.13,CBLOL,Blue,6,20.0,0.3
12.13,CBLOL,Red,14,20.0,0.7
12.13,CBLOLA,Blue,9,20.0,0.45
12.13,CBLOLA,Red,11,20.0,0.55
12.13,CT,Blue,13,26.0,0.5
12.13,CT,Red,13,26.0,0.5
12.13,EBL,Blue,6,16.0,0.375
12.13,EBL,Red,10,16.0,0.625
12.13,ESLOL,Blue,8,17.0,0.47058823529411764
12.13,ESLOL,Red,9,17.0,0.5294117647058824
12.13,GLL,Blue,4,6.0,0.6666666666666666
12.13,GLL,Red,2,6.0,0.3333333333333333
12.13,HC,Blue,7,8.0,0.875
12.13,HC,Red,1,8.0,0.125
12.13,HM,Blue,4,15.0,0.26666666666666666
12.13,HM,Red,11,15.0,0.7333333333333333
12.13,LCK,Blue,28,52.0,0.5384615384615384
12.13,LCK,Red,24,52.0,0.46153846153846156
12.13,LCKC,Blue,20,40.0,0.5
12.13,LCKC,Red,20,40.0,0.5
12.13,LCO,Blue,14,16.0,0.875
12.13,LCO,Red,2,16.0,0.125
12.13,LCS,Blue,12,20.0,0.6
12.13,LCS,Red,8,20.0,0.4
12.13,LCSA,Blue,27,50.0,0.54
12.13,LCSA,Red,23,50.0,0.46
12.13,LEC,Blue,13,20.0,0.65
12.13,LEC,Red,7,20.0,0.35
12.13,LFL,Blue,19,34.0,0.5588235294117647
12.13,LFL,Red,15,34.0,0.4411764705882353
12.13,LFL2,Blue,16,30.0,0.5333333333333333
12.13,LFL2,Red,14,30.0,0.4666666666666667
12.13,LJL,Blue,13,24.0,0.5416666666666666
12.13,LJL,Red,11,24.0,0.4583333333333333
12.13,LJLA,Blue,4,11.0,0.36363636363636365
12.13,LJLA,Red,7,11.0,0.6363636363636364
12.13,LLA,Blue,9,17.0,0.5294117647058824
12.13,LLA,Red,8,17.0,0.47058823529411764
12.13,LPLOL,Blue,11,17.0,0.6470588235294118
12.13,LPLOL,Red,6,17.0,0.35294117647058826
12.13,LVP SL,Blue,18,34.0,0.5294117647058824
12.13,LVP SL,Red,16,34.0,0.47058823529411764
12.13,NEXO,Blue,2,5.0,0.4
12.13,NEXO,Red,3,5.0,0.6
12.13,NLC,Blue,19,34.0,0.5588235294117647
12.13,NLC,Red,15,34.0,0.4411764705882353
12.13,PCS,Blue,19,32.0,0.59375
12.13,PCS,Red,13,32.0,0.40625
12.13,PGN,Blue,9,15.0,0.6
12.13,PGN,Red,6,15.0,0.4
12.13,PRM,Blue,20,34.0,0.5882352941176471
12.13,PRM,Red,14,34.0,0.4117647058823529
12.13,TAL,Blue,6,18.0,0.3333333333333333
12.13,TAL,Red,12,18.0,0.6666666666666666
12.13,TCL,Blue,10,20.0,0.5
12.13,TCL,Red,10,20.0,0.5
12.13,UL,Blue,19,32.0,0.59375
12.13,UL,Red,13,32.0,0.40625
12.13,UPL,Blue,9,16.0,0.5625
12.13,UPL,Red,7,16.0,0.4375
12.13,VCS,Blue,21,39.0,0.5384615384615384
12.13,VCS,Red,18,39.0,0.46153846153846156
12.14,CBLOL,Blue,25,41.0,0.6097560975609756
12.14,CBLOL,Red,16,41.0,0.3902439024390244
12.14,CBLOLA,Blue,13,25.0,0.52
12.14,CBLOLA,Red,12,25.0,0.48
12.14,DDH,Blue,1,3.0,0.3333333333333333
12.14,DDH,Red,2,3.0,0.6666666666666666
12.14,HC,Blue,9,15.0,0.6
12.14,HC,Red,6,15.0,0.4
12.14,LCK,Blue,23,43.0,0.5348837209302325
12.14,LCK,Red,20,43.0,0.46511627906976744
12.14,LCKC,Blue,26,45.0,0.5777777777777777
12.14,LCKC,Red,19,45.0,0.4222222222222222
12.14,LCO,Blue,2,8.0,0.25
12.14,LCO,Red,6,8.0,0.75
12.14,LCS,Blue,15,26.0,0.5769230769230769
12.14,LCS,Red,11,26.0,0.4230769230769231
12.14,LCSA,Blue,29,44.0,0.6590909090909091
12.14,LCSA,Red,15,44.0,0.3409090909090909
12.14,LEC,Blue,17,27.0,0.6296296296296297
12.14,LEC,Red,10,27.0,0.37037037037037035
12.14,LJL,Blue,9,16.0,0.5625
12.14,LJL,Red,7,16.0,0.4375
12.14,LJLA,Blue,4,5.0,0.8
12.14,LJLA,Red,1,5.0,0.2
12.14,LLA,Blue,18,33.0,0.5454545454545454
12.14,LLA,Red,15,33.0,0.45454545454545453
12.14,PCS,Blue,27,45.0,0.6
12.14,PCS,Red,18,45.0,0.4
12.14,TAL,Blue,16,32.0,0.5
12.14,TAL,Red,16,32.0,0.5
12.14,TCL,Blue,8,21.0,0.38095238095238093
12.14,TCL,Red,13,21.0,0.6190476190476191
12.14,UPL,Blue,7,14.0,0.5
12.14,UPL,Red,7,14.0,0.5
12.14,VCS,Blue,25,37.0,0.6756756756756757
12.14,VCS,Red,12,37.0,0.32432432432432434
12.14,WLDs,Blue,6,14.0,0.42857142857142855
12.14,WLDs,Red,8,14.0,0.5714285714285714
12.15,EUM,Blue,54,107.0,0.5046728971962616
12.15,EUM,Red,53,107.0,0.4953271028037383
12.15,GL,Blue,7,17.0,0.4117647058823529
12.15,GL,Red,10,17.0,0.5882352941176471
12.15,HM,Blue,2,9.0,0.2222222222222222
12.15,HM,Red,7,9.0,0.7777777777777778
12.15,LCO,Blue,13,22.0,0.5909090909090909
12.15,LCO,Red,9,22.0,0.4090909090909091
12.15,LCS,Blue,30,55.0,0.5454545454545454
12.15,LCS,Red,25,55.0,0.45454545454545453
12.15,LCSA,Blue,23,46.0,0.5
12.15,LCSA,Red,23,46.0,0.5
12.15,LEC,Blue,12,31.0,0.3870967741935484
12.15,LEC,Red,19,31.0,0.6129032258064516
12.15,LJL,Blue,13,23.0,0.5652173913043478
12.15,LJL,Red,10,23.0,0.43478260869565216
12.15,LJLA,Blue,6,10.0,0.6
12.15,LJLA,Red,4,10.0,0.4
12.15,SL (LATAM),Blue,7,11.0,0.6363636363636364
12.15,SL (LATAM),Red,4,11.0,0.36363636363636365
12.15,TCL,Blue,13,21.0,0.6190476190476191
12.15,TCL,Red,8,21.0,0.38095238095238093
12.15,UPL,Blue,2,7.0,0.2857142857142857
12.15,UPL,Red,5,7.0,0.7142857142857143
12.15,VCS,Blue,5,22.0,0.22727272727272727
12.15,VCS,Red,17,22.0,0.7727272727272727
12.15,VL,Blue,7,14.0,0.5
12.15,VL,Red,7,14.0,0.5
12.16,ESLOL,Blue,49,88.0,0.5568181818181818
12.16,ESLOL,Red,39,88.0,0.4431818181818182
12.16,EUM,Blue,17,28.0,0.6071428571428571
12.16,EUM,Red,11,28.0,0.39285714285714285
12.16,GLL,Blue,11,17.0,0.6470588235294118
12.16,GLL,Red,6,17.0,0.35294117647058826
12.16,HM,Blue,6,9.0,0.6666666666666666
12.16,HM,Red,3,9.0,0.3333333333333333
12.16,LFL,Blue,10,19.0,0.5263157894736842
12.16,LFL,Red,9,19.0,0.47368421052631576
12.16,LFL2,Blue,11,18.0,0.6111111111111112
12.16,LFL2,Red,7,18.0,0.3888888888888889
12.16,LLA,Blue,4,7.0,0.5714285714285714
12.16,LLA,Red,3,7.0,0.42857142857142855
12.16,LPLOL,Blue,10,17.0,0.5882352941176471
12.16,LPLOL,Red,7,17.0,0.4117647058823529
12.16,LVP SL,Blue,10,20.0,0.5
12.16,LVP SL,Red,10,20.0,0.5
12.16,NLC,Blue,13,19.0,0.6842105263157895
12.16,NLC,Red,6,19.0,0.3157894736842105
12.16,PGN,Blue,6,10.0,0.6
12.16,PGN,Red,4,10.0,0.4
12.16,PRM,Blue,6,13.0,0.46153846153846156
12.16,PRM,Red,7,13.0,0.5384615384615384
12.16,UL,Blue,12,20.0,0.6
12.16,UL,Red,8,20.0,0.4
12.17,EBL,Blue,12,24.0,0.5
12.17,EBL,Red,12,24.0,0.5
12.18,CDF,Blue,35,73.0,0.4794520547945205
12.18,CDF,Red,38,73.0,0.5205479452054794
12.18,ESLOL,Blue,3,5.0,0.6
12.18,ESLOL,Red,2,5.0,0.4
12.18,LAS,Blue,54,113.0,0.4778761061946903
12.18,LAS,Red,59,113.0,0.5221238938053098
12.18,NLC,Blue,52,96.0,0.5416666666666666
12.18,NLC,Red,44,96.0,0.4583333333333333
12.18,PRM,Blue,36,89.0,0.4044943820224719
12.18,PRM,Red,53,89.0,0.5955056179775281
12.18,UPL,Blue,14,25.0,0.56
12.18,UPL,Red,11,25.0,0.44
12.18,WLDs,Blue,69,127.0,0.5433070866141733
12.18,WLDs,Red,58,127.0,0.4566929133858268
12.19,EBL,Blue,11,19.0,0.5789473684210527
12.19,EBL,Red,8,19.0,0.42105263157894735
12.19,GLL,Blue,30,47.0,0.6382978723404256
12.19,GLL,Red,17,47.0,0.3617021276595745
12.19,IC,Blue,25,34.0,0.7352941176470589
12.19,IC,Red,9,34.0,0.2647058823529412
12.19,NEXO,Blue,5,15.0,0.3333333333333333
12.19,NEXO,Red,10,15.0,0.6666666666666666
12.19,NLC,Blue,13,18.0,0.7222222222222222
12.19,NLC,Red,5,18.0,0.2777777777777778
12.19,PRM,Blue,8,19.0,0.42105263157894735
12.19,PRM,Red,11,19.0,0.5789473684210527
12.19,UPL,Blue,27,48.0,0.5625
12.19,UPL,Red,21,48.0,0.4375
12.2,IC,Blue,18,29.0,0.6206896551724138
12.2,IC,Red,11,29.0,0.3793103448275862
12.2,LPLOL,Blue,14,27.0,0.5185185185185185
12.2,LPLOL,Red,13,27.0,0.48148148148148145
12.2,NEXO,Blue,9,19.0,0.47368421052631576
12.2,NEXO,Red,10,19.0,0.5263157894736842
12.2,NLC,Blue,13,26.0,0.5
12.2,NLC,Red,13,26.0,0.5
12.2,PRM,Blue,11,22.0,0.5
12.2,PRM,Red,11,22.0,0.5
12.2,UPL,Blue,13,26.0,0.5
12.2,UPL,Red,13,26.0,0.5
12.21,IC,Blue,7,12.0,0.5833333333333334
12.21,IC,Red,5,12.0,0.4166666666666667
12.21,LAS,Blue,10,14.0,0.7142857142857143
12.21,LAS,Red,4,14.0,0.2857142857142857
12.21,LPLOL,Blue,11,23.0,0.4782608695652174
12.21,LPLOL,Red,12,23.0,0.5217391304347826
12.21,NEXO,Blue,22,34.0,0.6470588235294118
12.21,NEXO,Red,12,34.0,0.35294117647058826
12.21,UPL,Blue,11,17.0,0.6470588235294118
12.21,UPL,Red,6,17.0,0.35294117647058826
12.23,NEXO,Blue,4,9.0,0.4444444444444444
12.23,NEXO,Red,5,9.0,0.5555555555555556
13.01,AL,Blue,17,32.0,0.53125
13.01,AL,Red,15,32.0,0.46875
13.01,CBLOL,Blue,23,40.0,0.575
13.01,CBLOL,Red,17,40.0,0.425
13.01,CBLOLA,Blue,20,40.0,0.5
13.01,CBLOLA,Red,20,40.0,0.5
13.01,DDH,Blue,22,46.0,0.4782608695652174
13.01,DDH,Red,24,46.0,0.5217391304347826
13.01,EBL,Blue,16,36.0,0.4444444444444444
13.01,EBL,Red,20,36.0,0.5555555555555556
13.01,EL,Blue,11,24.0,0.4583333333333333
13.01,EL,Red,13,24.0,0.5416666666666666
13.01,ESLOL,Blue,15,32.0,0.46875
13.01,ESLOL,Red,17,32.0,0.53125
13.01,GL,Blue,24,48.0,0.5
13.01,GL,Red,24,48.0,0.5
13.01,GLL,Blue,20,32.0,0.625
13.01,GLL,Red,12,32.0,0.375
13.01,HC,Blue,15,24.0,0.625
13.01,HC,Red,9,24.0,0.375
13.01,HM,Blue,13,28.0,0.4642857142857143
13.01,HM,Red,15,28.0,0.5357142857142857
13.01,LCK,Blue,52,100.0,0.52
13.01,LCK,Red,48,100.0,0.48
13.01,LCKC,Blue,54,98.0,0.5510204081632653
13.01,LCKC,Red,44,98.0,0.4489795918367347
13.01,LCO,Blue,10,23.0,0.43478260869565216
13.01,LCO,Red,13,23.0,0.5652173913043478
13.01,LCS,Blue,17,30.0,0.5666666666666667
13.01,LCS,Red,13,30.0,0.43333333333333335
13.01,LEC,Blue,48,85.0,0.5647058823529412
13.01,LEC,Red,37,85.0,0.43529411764705883
13.01,LFL,Blue,24,45.0,0.5333333333333333
13.01,LFL,Red,21,45.0,0.4666666666666667
13.01,LFL2,Blue,33,60.0,0.55
13.01,LFL2,Red,27,60.0,0.45
13.01,LHE,Blue,16,28.0,0.5714285714285714
13.01,LHE,Red,12,28.0,0.42857142857142855
13.01,LJL,Blue,29,52.0,0.5576923076923077
13.01,LJL,Red,23,52.0,0.4423076923076923
13.01,LLA,Blue,19,34.0,0.5588235294117647
13.01,LLA,Red,15,34.0,0.4411764705882353
13.01,LMF,Blue,15,40.0,0.375
13.01,LMF,Red,25,40.0,0.625
13.01,LPLOL,Blue,17,31.0,0.5483870967741935
13.01,LPLOL,Red,14,31.0,0.45161290322580644
13.01,LVP SL,Blue,34,55.0,0.6181818181818182
13.01,LVP SL,Red,21,55.0,0.38181818181818183
13.01,NACL,Blue,120,212.0,0.5660377358490566
13.01,NACL,Red,92,212.0,0.4339622641509434
13.01,NEXO,Blue,9,24.0,0.375
13.01,NEXO,Red,15,24.0,0.625
13.01,NLC,Blue,18,32.0,0.5625
13.01,NLC,Red,14,32.0,0.4375
13.01,PCS,Blue,15,30.0,0.5
13.01,PCS,Red,15,30.0,0.5
13.01,PGN,Blue,9,24.0,0.375
13.01,PGN,Red,15,24.0,0.625
13.01,PRM,Blue,23,50.0,0.46
13.01,PRM,Red,27,50.0,0.54
13.01,SL (LATAM),Blue,14,32.0,0.4375
13.01,SL (LATAM),Red,18,32.0,0.5625
13.01,TCL,Blue,9,16.0,0.5625
13.01,TCL,Red,7,16.0,0.4375
13.01,UL,Blue,22,50.0,0.44
13.01,UL,Red,28,50.0,0.56
13.01,VL,Blue,24,38.0,0.631578947368421
13.01,VL,Red,14,38.0,0.3684210526315789
13.03,AL,Blue,10,20.0,0.5
13.03,AL,Red,10,20.0,0.5
13.03,CBLOL,Blue,7,20.0,0.35
13.03,CBLOL,Red,13,20.0,0.65
13.03,CBLOLA,Blue,10,20.0,0.5
13.03,CBLOLA,Red,10,20.0,0.5
13.03,DDH,Blue,8,15.0,0.5333333333333333
13.03,DDH,Red,7,15.0,0.4666666666666667
13.03,EBL,Blue,4,8.0,0.5
13.03,EBL,Red,4,8.0,0.5
13.03,EL,Blue,4,6.0,0.6666666666666666
13.03,EL,Red,2,6.0,0.3333333333333333
13.03,ESLOL,Blue,5,16.0,0.3125
13.03,ESLOL,Red,11,16.0,0.6875
13.03,GL,Blue,12,22.0,0.5454545454545454
13.03,GL,Red,10,22.0,0.45454545454545453
13.03,GLL,Blue,8,11.0,0.7272727272727273
13.03,GLL,Red,3,11.0,0.2727272727272727
13.03,HC,Blue,11,23.0,0.4782608695652174
13.03,HC,Red,12,23.0,0.5217391304347826
13.03,HM,Blue,8,12.0,0.6666666666666666
13.03,HM,Red,4,12.0,0.3333333333333333
13.03,LCK,Blue,22,47.0,0.46808510638297873
13.03,LCK,Red,25,47.0,0.5319148936170213
13.03,LCKC,Blue,27,50.0,0.54
13.03,LCKC,Red,23,50.0,0.46
13.03,LCO,Blue,3,9.0,0.3333333333333333
13.03,LCO,Red,6,9.0,0.6666666666666666
13.03,LCS,Blue,12,25.0,0.48
13.03,LCS,Red,13,25.0,0.52
13.03,LFL,Blue,18,25.0,0.72
13.03,LFL,Red,7,25.0,0.28
13.03,LFL2,Blue,15,30.0,0.5
13.03,LFL2,Red,15,30.0,0.5
13.03,LHE,Blue,3,6.0,0.5
13.03,LHE,Red,3,6.0,0.5
13.03,LJL,Blue,19,35.0,0.5428571428571428
13.03,LJL,Red,16,35.0,0.45714285714285713
13.03,LLA,Blue,13,20.0,0.65
13.03,LLA,Red,7,20.0,0.35
13.03,LMF,Blue,10,23.0,0.43478260869565216
13.03,LMF,Red,13,23.0,0.5652173913043478
13.03,LPLOL,Blue,9,16.0,0.5625
13.03,LPLOL,Red,7,16.0,0.4375
13.03,LVP SL,Blue,14,25.0,0.56
13.03,LVP SL,Red,11,25.0,0.44
13.03,NACL,Blue,29,60.0,0.48333333333333334
13.03,NACL,Red,31,60.0,0.5166666666666667
13.03,NEXO,Blue,5,10.0,0.5
13.03,NEXO,Red,5,10.0,0.5
13.03,NLC,Blue,11,16.0,0.6875
13.03,NLC,Red,5,16.0,0.3125
13.03,PCS,Blue,16,30.0,0.5333333333333333
13.03,PCS,Red,14,30.0,0.4666666666666667
13.03,PGN,Blue,14,20.0,0.7
13.03,PGN,Red,6,20.0,0.3
13.03,PRM,Blue,17,25.0,0.68
13.03,PRM,Red,8,25.0,0.32
13.03,SL (LATAM),Blue,9,14.0,0.6428571428571429
13.03,SL (LATAM),Red,5,14.0,0.35714285714285715
13.03,TCL,Blue,16,24.0,0.6666666666666666
13.03,TCL,Red,8,24.0,0.3333333333333333
13.03,UL,Blue,15,25.0,0.6
13.03,UL,Red,10,25.0,0.4
13.03,VCS,Blue,23,34.0,0.6764705882352942
13.03,VCS,Red,11,34.0,0.3235294117647059
13.03,VL,Blue,7,16.0,0.4375
13.03,VL,Red,9,16.0,0.5625
13.04,AL,Blue,8,16.0,0.5
13.04,AL,Red,8,16.0,0.5
13.04,CBLOL,Blue,8,20.0,0.4
13.04,CBLOL,Red,12,20.0,0.6
13.04,CBLOLA,Blue,12,20.0,0.6
13.04,CBLOLA,Red,8,20.0,0.4
13.04,DDH,Blue,8,15.0,0.5333333333333333
13.04,DDH,Red,7,15.0,0.4666666666666667
13.04,EBL,Blue,15,25.0,0.6
13.04,EBL,Red,10,25.0,0.4
13.04,EL,Blue,4,8.0,0.5
13.04,EL,Red,4,8.0,0.5
13.04,ESLOL,Blue,3,8.0,0.375
13.04,ESLOL,Red,5,8.0,0.625
13.04,GL,Blue,9,16.0,0.5625
13.04,GL,Red,7,16.0,0.4375
13.04,GLL,Blue,12,25.0,0.48
13.04,GLL,Red,13,25.0,0.52
13.04,HC,Blue,12,22.0,0.5454545454545454
13.04,HC,Red,10,22.0,0.45454545454545453
13.04,HM,Blue,10,17.0,0.5882352941176471
13.04,HM,Red,7,17.0,0.4117647058823529
13.04,LCK,Blue,24,49.0,0.4897959183673469
13.04,LCK,Red,25,49.0,0.5102040816326531
13.04,LCKC,Blue,29,48.0,0.6041666666666666
13.04,LCKC,Red,19,48.0,0.3958333333333333
13.04,LCO,Blue,12,28.0,0.42857142857142855
13.04,LCO,Red,16,28.0,0.5714285714285714
13.04,LCS,Blue,11,20.0,0.55
13.04,LCS,Red,9,20.0,0.45
13.04,LEC,Blue,26,46.0,0.5652173913043478
13.04,LEC,Red,20,46.0,0.43478260869565216
13.04,LFL,Blue,10,20.0,0.5
13.04,LFL,Red,10,20.0,0.5
13.04,LHE,Blue,5,7.0,0.7142857142857143
13.04,LHE,Red,2,7.0,0.2857142857142857
13.04,LJL,Blue,34,46.0,0.7391304347826086
13.04,LJL,Red,12,46.0,0.2608695652173913
13.04,LLA,Blue,6,9.0,0.6666666666666666
13.04,LLA,Red,3,9.0,0.3333333333333333
13.04,LMF,Blue,5,8.0,0.625
13.04,LMF,Red,3,8.0,0.375
13.04,LPLOL,Blue,3,8.0,0.375
13.04,LPLOL,Red,5,8.0,0.625
13.04,LVP SL,Blue,4,10.0,0.4
13.04,LVP SL,Red,6,10.0,0.6
13.04,NACL,Blue,53,106.0,0.5
13.04,NACL,Red,53,106.0,0.5
13.04,NEXO,Blue,5,12.0,0.4166666666666667
13.04,NEXO,Red,7,12.0,0.5833333333333334
13.04,NLC,Blue,3,9.0,0.3333333333333333
13.04,NLC,Red,6,9.0,0.6666666666666666
13.04,PCS,Blue,19,32.0,0.59375
13.04,PCS,Red,13,32.0,0.40625
13.04,PGN,Blue,7,20.0,0.35
13.04,PGN,Red,13,20.0,0.65
13.04,PRM,Blue,9,23.0,0.391304347826087
13.04,PRM,Red,14,23.0,0.6086956521739131
13.04,SL (LATAM),Blue,11,19.0,0.5789473684210527
13.04,SL (LATAM),Red,8,19.0,0.42105263157894735
13.04,TCL,Blue,5,16.0,0.3125
13.04,TCL,Red,11,16.0,0.6875
13.04,UL,Blue,26,37.0,0.7027027027027027
13.04,UL,Red,11,37.0,0.2972972972972973
13.04,VCS,Blue,16,37.0,0.43243243243243246
13.04,VCS,Red,21,37.0,0.5675675675675675
13.04,VL,Blue,11,21.0,0.5238095238095238
13.04,VL,Red,10,21.0,0.47619047619047616
13.05,AL,Blue,2,3.0,0.6666666666666666
13.05,AL,Red,1,3.0,0.3333333333333333
13.05,CBLOL,Blue,26,40.0,0.65
13.05,CBLOL,Red,14,40.0,0.35
13.05,CBLOLA,Blue,25,44.0,0.5681818181818182
13.05,CBLOLA,Red,19,44.0,0.4318181818181818
13.05,DDH,Blue,4,10.0,0.4
13.05,DDH,Red,6,10.0,0.6
13.05,EBL,Blue,1,5.0,0.2
13.05,EBL,Red,4,5.0,0.8
13.05,EL,Blue,1,3.0,0.3333333333333333
13.05,EL,Red,2,3.0,0.6666666666666666
13.05,ESLOL,Blue,8,16.0,0.5
13.05,ESLOL,Red,8,16.0,0.5
13.05,GL,Blue,3,3.0,1.0
13.05,GL,Red,0,3.0,0.0
13.05,GLL,Blue,0,4.0,0.0
13.05,GLL,Red,4,4.0,1.0
13.05,HM,Blue,6,6.0,1.0
13.05,HM,Red,0,6.0,0.0
13.05,LCK,Blue,32,55.0,0.5818181818181818
13.05,LCK,Red,23,55.0,0.41818181818181815
13.05,LCKC,Blue,33,60.0,0.55
13.05,LCKC,Red,27,60.0,0.45
13.05,LCS,Blue,30,48.0,0.625
13.05,LCS,Red,18,48.0,0.375
13.05,LFL,Blue,12,21.0,0.5714285714285714
13.05,LFL,Red,9,21.0,0.42857142857142855
13.05,LFL2,Blue,15,24.0,0.625
13.05,LFL2,Red,9,24.0,0.375
13.05,LHE,Blue,7,18.0,0.3888888888888889
13.05,LHE,Red,11,18.0,0.6111111111111112
13.05,LJL,Blue,9,19.0,0.47368421052631576
13.05,LJL,Red,10,19.0,0.5263157894736842
13.05,LLA,Blue,10,34.0,0.29411764705882354
13.05,LLA,Red,24,34.0,0.7058823529411765
13.05,LMF,Blue,8,15.0,0.5333333333333333
13.05,LMF,Red,7,15.0,0.4666666666666667
13.05,LPLOL,Blue,10,15.0,0.6666666666666666
13.05,LPLOL,Red,5,15.0,0.3333333333333333
13.05,LVP SL,Blue,11,21.0,0.5238095238095238
13.05,LVP SL,Red,10,21.0,0.47619047619047616
13.05,NACL,Blue,48,82.0,0.5853658536585366
13.05,NACL,Red,34,82.0,0.4146341463414634
13.05,NEXO,Blue,6,17.0,0.35294117647058826
13.05,NEXO,Red,11,17.0,0.6470588235294118
13.05,NLC,Blue,11,16.0,0.6875
13.05,NLC,Red,5,16.0,0.3125
13.05,PCS,Blue,26,48.0,0.5416666666666666
13.05,PCS,Red,22,48.0,0.4583333333333333
13.05,PGN,Blue,5,9.0,0.5555555555555556
13.05,PGN,Red,4,9.0,0.4444444444444444
13.05,PRM,Blue,13,17.0,0.7647058823529411
13.05,PRM,Red,4,17.0,0.23529411764705882
13.05,SL (LATAM),Blue,15,25.0,0.6
13.05,SL (LATAM),Red,10,25.0,0.4
13.05,TCL,Blue,12,23.0,0.5217391304347826
13.05,TCL,Red,11,23.0,0.4782608695652174
13.05,VCS,Blue,21,42.0,0.5
13.05,VCS,Red,21,42.0,0.5
13.05,VL,Blue,7,13.0,0.5384615384615384
13.05,VL,Red,6,13.0,0.46153846153846156
13.06,AL,Blue,10,21.0,0.47619047619047616
13.06,AL,Red,11,21.0,0.5238095238095238
13.06,EM,Blue,75,139.0,0.539568345323741
13.06,EM,Red,64,139.0,0.460431654676259
13.06,HM,Blue,3,10.0,0.3
13.06,HM,Red,7,10.0,0.7
13.06,LEC,Blue,22,41.0,0.5365853658536586
13.06,LEC,Red,19,41.0,0.4634146341463415
13.06,NEXO,Blue,2,4.0,0.5
13.06,NEXO,Red,2,4.0,0.5
13.06,VCS,Blue,22,51.0,0.43137254901960786
13.06,VCS,Red,29,51.0,0.5686274509803921
13.07,LCO,Blue,2,4.0,0.5
13.07,LCO,Red,2,4.0,0.5
13.07,NACL,Blue,18,31.0,0.5806451612903226
13.07,NACL,Red,13,31.0,0.41935483870967744
13.07,NEXO,Blue,4,8.0,0.5
13.07,NEXO,Red,4,8.0,0.5
13.08,LAS,Blue,51,112.0,0.45535714285714285
13.08,LAS,Red,61,112.0,0.5446428571428571
13.08,MSI,Blue,39,76.0,0.5131578947368421
13.08,MSI,Red,37,76.0,0.4868421052631579
13.09,NEXO,Blue,11,25.0,0.44
13.09,NEXO,Red,14,25.0,0.56
13.1,EBL,Blue,5,12.0,0.4166666666666667
13.1,EBL,Red,7,12.0,0.5833333333333334
13.1,EPL,Blue,13,24.0,0.5416666666666666
13.1,EPL,Red,11,24.0,0.4583333333333333
13.1,ESLOL,Blue,4,8.0,0.5
13.1,ESLOL,Red,4,8.0,0.5
13.1,GLL,Blue,8,12.0,0.6666666666666666
13.1,GLL,Red,4,12.0,0.3333333333333333
13.1,HC,Blue,8,16.0,0.5
13.1,HC,Red,8,16.0,0.5
13.1,HM,Blue,3,8.0,0.375
13.1,HM,Red,5,8.0,0.625
13.1,LAS,Blue,3,12.0,0.25
13.1,LAS,Red,9,12.0,0.75
13.1,LCK,Blue,19,26.0,0.7307692307692307
13.1,LCK,Red,7,26.0,0.2692307692307692
13.1,LCO,Blue,8,8.0,1.0
13.1,LCO,Red,0,8.0,0.0
13.1,LFL,Blue,9,20.0,0.45
13.1,LFL,Red,11,20.0,0.55
13.1,LFL2,Blue,17,30.0,0.5666666666666667
13.1,LFL2,Red,13,30.0,0.43333333333333335
13.1,LLA,Blue,4,9.0,0.4444444444444444
13.1,LLA,Red,5,9.0,0.5555555555555556
13.1,LPLOL,Blue,7,12.0,0.5833333333333334
13.1,LPLOL,Red,5,12.0,0.4166666666666667
13.1,LRN,Blue,17,25.0,0.68
13.1,LRN,Red,8,25.0,0.32
13.1,LRS,Blue,6,15.0,0.4
13.1,LRS,Red,9,15.0,0.6
13.1,LVP SL,Blue,15,25.0,0.6
13.1,LVP SL,Red,10,25.0,0.4
13.1,NEXO,Blue,10,23.0,0.43478260869565216
13.1,NEXO,Red,13,23.0,0.5652173913043478
13.1,NLC,Blue,4,8.0,0.5
13.1,NLC,Red,4,8.0,0.5
13.1,PGN,Blue,4,8.0,0.5
13.1,PGN,Red,4,8.0,0.5
13.1,PRM,Blue,12,25.0,0.48
13.1,PRM,Red,13,25.0,0.52
13.1,UL,Blue,11,25.0,0.44
13.1,UL,Red,14,25.0,0.56
13.11,AL,Blue,7,16.0,0.4375
13.11,AL,Red,9,16.0,0.5625
13.11,CBLOL,Blue,8,20.0,0.4
13.11,CBLOL,Red,12,20.0,0.6
13.11,CBLOLA,Blue,12,20.0,0.6
13.11,CBLOLA,Red,8,20.0,0.4
13.11,EBL,Blue,17,24.0,0.7083333333333334
13.11,EBL,Red,7,24.0,0.2916666666666667
13.11,EPL,Blue,28,62.0,0.45161290322580644
13.11,EPL,Red,34,62.0,0.5483870967741935
13.11,ESLOL,Blue,11,24.0,0.4583333333333333
13.11,ESLOL,Red,13,24.0,0.5416666666666666
13.11,GLL,Blue,16,24.0,0.6666666666666666
13.11,GLL,Red,8,24.0,0.3333333333333333
13.11,HC,Blue,13,24.0,0.5416666666666666
13.11,HC,Red,11,24.0,0.4583333333333333
13.11,HM,Blue,14,24.0,0.5833333333333334
13.11,HM,Red,10,24.0,0.4166666666666667
13.11,LCK,Blue,18,45.0,0.4
13.11,LCK,Red,27,45.0,0.6
13.11,LCO,Blue,9,16.0,0.5625
13.11,LCO,Red,7,16.0,0.4375
13.11,LCS,Blue,6,15.0,0.4
13.11,LCS,Red,9,15.0,0.6
13.11,LEC,Blue,25,45.0,0.5555555555555556
13.11,LEC,Red,20,45.0,0.4444444444444444
13.11,LFL,Blue,14,30.0,0.4666666666666667
13.11,LFL,Red,16,30.0,0.5333333333333333
13.11,LFL2,Blue,13,30.0,0.43333333333333335
13.11,LFL2,Red,17,30.0,0.5666666666666667
13.11,LJL,Blue,16,25.0,0.64
13.11,LJL,Red,9,25.0,0.36
13.11,LJLA,Blue,7,16.0,0.4375
13.11,LJLA,Red,9,16.0,0.5625
13.11,LLA,Blue,8,18.0,0.4444444444444444
13.11,LLA,Red,10,18.0,0.5555555555555556
13.11,LPLOL,Blue,14,24.0,0.5833333333333334
13.11,LPLOL,Red,10,24.0,0.4166666666666667
13.11,LRN,Blue,15,25.0,0.6
13.11,LRN,Red,10,25.0,0.4
13.11,LRS,Blue,15,24.0,0.625
13.11,LRS,Red,9,24.0,0.375
13.11,LVP SL,Blue,9,29.0,0.3103448275862069
13.11,LVP SL,Red,20,29.0,0.6896551724137931
13.11,NACL,Blue,35,69.0,0.5072463768115942
13.11,NACL,Red,34,69.0,0.4927536231884058
13.11,NEXO,Blue,4,16.0,0.25
13.11,NEXO,Red,12,16.0,0.75
13.11,NLC,Blue,16,24.0,0.6666666666666666
13.11,NLC,Red,8,24.0,0.3333333333333333
13.11,PGN,Blue,16,24.0,0.6666666666666666
13.11,PGN,Red,8,24.0,0.3333333333333333
13.11,PRM,Blue,12,30.0,0.4
13.11,PRM,Red,18,30.0,0.6
13.11,TCL,Blue,13,28.0,0.4642857142857143
13.11,TCL,Red,15,28.0,0.5357142857142857
13.11,UL,Blue,13,30.0,0.43333333333333335
13.11,UL,Red,17,30.0,0.5666666666666667
13.12,CBLOL,Blue,9,20.0,0.45
13.12,CBLOL,Red,11,20.0,0.55
13.12,CBLOLA,Blue,12,20.0,0.6
13.12,CBLOLA,Red,8,20.0,0.4
13.12,CT,Blue,21,43.0,0.4883720930232558
13.12,CT,Red,22,43.0,0.5116279069767442
13.12,LCK,Blue,45,91.0,0.4945054945054945
13.12,LCK,Red,46,91.0,0.5054945054945055
13.12,LCO,Blue,14,32.0,0.4375
13.12,LCO,Red,18,32.0,0.5625
13.12,LCS,Blue,16,30.0,0.5333333333333333
13.12,LCS,Red,14,30.0,0.4666666666666667
13.12,LJL,Blue,15,28.0,0.5357142857142857
13.12,LJL,Red,13,28.0,0.4642857142857143
13.12,LJLA,Blue,25,48.0,0.5208333333333334
13.12,LJLA,Red,23,48.0,0.4791666666666667
13.12,LLA,Blue,9,17.0,0.5294117647058824
13.12,LLA,Red,8,17.0,0.47058823529411764
13.12,LRN,Blue,19,30.0,0.6333333333333333
13.12,LRN,Red,11,30.0,0.36666666666666664
13.12,LRS,Blue,13,20.0,0.65
13.12,LRS,Red,7,20.0,0.35
13.12,NEXO,Blue,6,10.0,0.6
13.12,NEXO,Red,4,10.0,0.4
13.12,PCS,Blue,32,60.0,0.5333333333333333
13.12,PCS,Red,28,60.0,0.4666666666666667
13.12,VCS,Blue,15,28.0,0.5357142857142857
13.12,VCS,Red,13,28.0,0.4642857142857143
13.13,AL,Blue,17,39.0,0.4358974358974359
13.13,AL,Red,22,39.0,0.5641025641025641
13.13,CBLOL,Blue,15,30.0,0.5
13.13,CBLOL,Red,15,30.0,0.5
13.13,CBLOLA,Blue,14,30.0,0.4666666666666667
13.13,CBLOLA,Red,16,30.0,0.5333333333333333
13.13,EBL,Blue,11,20.0,0.55
13.13,EBL,Red,9,20.0,0.45
13.13,ESLOL,Blue,13,24.0,0.5416666666666666
13.13,ESLOL,Red,11,24.0,0.4583333333333333
13.13,GLL,Blue,17,32.0,0.53125
13.13,GLL,Red,15,32.0,0.46875
13.13,HC,Blue,16,32.0,0.5
13.13,HC,Red,16,32.0,0.5
13.13,HM,Blue,14,24.0,0.5833333333333334
13.13,HM,Red,10,24.0,0.4166666666666667
13.13,LCK,Blue,8,22.0,0.36363636363636365
13.13,LCK,Red,14,22.0,0.6363636363636364
13.13,LCO,Blue,11,20.0,0.55
13.13,LCO,Red,9,20.0,0.45
13.13,LCS,Blue,30,47.0,0.6382978723404256
13.13,LCS,Red,17,47.0,0.3617021276595745
13.13,LEC,Blue,26,38.0,0.6842105263157895
13.13,LEC,Red,12,38.0,0.3157894736842105
13.13,LFL,Blue,17,30.0,0.5666666666666667
13.13,LFL,Red,13,30.0,0.43333333333333335
13.13,LFL2,Blue,13,31.0,0.41935483870967744
13.13,LFL2,Red,18,31.0,0.5806451612903226
13.13,LJL,Blue,15,29.0,0.5172413793103449
13.13,LJL,Red,14,29.0,0.4827586206896552
13.13,LJLA,Blue,9,19.0,0.47368421052631576
13.13,LJLA,Red,10,19.0,0.5263157894736842
13.13,LLA,Blue,9,17.0,0.5294117647058824
13.13,LLA,Red,8,17.0,0.47058823529411764
13.13,LPLOL,Blue,17,29.0,0.5862068965517241
13.13,LPLOL,Red,12,29.0,0.41379310344827586
13.13,LRN,Blue,15,28.0,0.5357142857142857
13.13,LRN,Red,13,28.0,0.4642857142857143
13.13,LRS,Blue,12,30.0,0.4
13.13,LRS,Red,18,30.0,0.6
13.13,LVP SL,Blue,23,36.0,0.6388888888888888
13.13,LVP SL,Red,13,36.0,0.3611111111111111
13.13,NACL,Blue,29,63.0,0.4603174603174603
13.13,NACL,Red,34,63.0,0.5396825396825397
13.13,NLC,Blue,13,24.0,0.5416666666666666
13.13,NLC,Red,11,24.0,0.4583333333333333
13.13,PCS,Blue,20,31.0,0.6451612903225806
13.13,PCS,Red,11,31.0,0.3548387096774194
13.13,PGN,Blue,14,24.0,0.5833333333333334
13.13,PGN,Red,10,24.0,0.4166666666666667
13.13,PRM,Blue,17,34.0,0.5
13.13,PRM,Red,17,34.0,0.5
13.13,TCL,Blue,15,28.0,0.5357142857142857
13.13,TCL,Red,13,28.0,0.4642857142857143
13.13,UL,Blue,21,35.0,0.6
13.13,UL,Red,14,35.0,0.4
13.13,VCS,Blue,20,41.0,0.4878048780487805
13.13,VCS,Red,21,41.0,0.5121951219512195
13.14,AL,Blue,10,17.0,0.5882352941176471
13.14,AL,Red,7,17.0,0.4117647058823529
13.14,CBLOL,Blue,13,20.0,0.65
13.14,CBLOL,Red,7,20.0,0.35
13.14,CBLOLA,Blue,12,20.0,0.6
13.14,CBLOLA,Red,8,20.0,0.4
13.14,EBL,Blue,17,29.0,0.5862068965517241
13.14,EBL,Red,12,29.0,0.41379310344827586
13.14,EM,Blue,37,60.0,0.6166666666666667
13.14,EM,Red,23,60.0,0.38333333333333336
13.14,ESLOL,Blue,11,15.0,0.7333333333333333
13.14,ESLOL,Red,4,15.0,0.26666666666666666
13.14,GLL,Blue,13,24.0,0.5416666666666666
13.14,GLL,Red,11,24.0,0.4583333333333333
13.14,HM,Blue,18,33.0,0.5454545454545454
13.14,HM,Red,15,33.0,0.45454545454545453
13.14,LCK,Blue,29,53.0,0.5471698113207547
13.14,LCK,Red,23,53.0,0.4339622641509434
13.14,LCKC,Blue,17,31.0,0.5483870967741935
13.14,LCKC,Red,14,31.0,0.45161290322580644
13.14,LCS,Blue,22,49.0,0.4489795918367347
13.14,LCS,Red,27,49.0,0.5510204081632653
13.14,LFL,Blue,15,33.0,0.45454545454545453
13.14,LFL,Red,18,33.0,0.5454545454545454
13.14,LFL2,Blue,14,26.0,0.5384615384615384
13.14,LFL2,Red,12,26.0,0.46153846153846156
13.14,LJL,Blue,16,24.0,0.6666666666666666
13.14,LJL,Red,8,24.0,0.3333333333333333
13.14,LJLA,Blue,4,9.0,0.4444444444444444
13.14,LJLA,Red,5,9.0,0.5555555555555556
13.14,LLA,Blue,21,34.0,0.6176470588235294
13.14,LLA,Red,13,34.0,0.38235294117647056
13.14,LPLOL,Blue,5,7.0,0.7142857142857143
13.14,LPLOL,Red,2,7.0,0.2857142857142857
13.14,LRN,Blue,4,8.0,0.5
13.14,LRN,Red,4,8.0,0.5
13.14,LRS,Blue,4,14.0,0.2857142857142857
13.14,LRS,Red,10,14.0,0.7142857142857143
13.14,LVP SL,Blue,9,24.0,0.375
13.14,LVP SL,Red,15,24.0,0.625
13.14,NACL,Blue,17,39.0,0.4358974358974359
13.14,NACL,Red,22,39.0,0.5641025641025641
13.14,NLC,Blue,5,16.0,0.3125
13.14,NLC,Red,11,16.0,0.6875
13.14,PCS,Blue,19,42.0,0.4523809523809524
13.14,PCS,Red,23,42.0,0.5476190476190477
13.14,PGN,Blue,15,33.0,0.45454545454545453
13.14,PGN,Red,18,33.0,0.5454545454545454
13.14,PRM,Blue,14,20.0,0.7
13.14,PRM,Red,6,20.0,0.3
13.14,TCL,Blue,14,25.0,0.56
13.14,TCL,Red,11,25.0,0.44
13.14,UL,Blue,12,23.0,0.5217391304347826
13.14,UL,Red,11,23.0,0.4782608695652174
13.14,VCS,Blue,22,33.0,0.6666666666666666
13.14,VCS,Red,11,33.0,0.3333333333333333
13.14,WLDs,Blue,6,11.0,0.5454545454545454
13.14,WLDs,Red,5,11.0,0.45454545454545453
13.15,CBLOL,Blue,15,32.0,0.46875
13.15,CBLOL,Red,17,32.0,0.53125
13.15,CBLOLA,Blue,16,34.0,0.47058823529411764
13.15,CBLOLA,Red,18,34.0,0.5294117647058824
13.15,EM,Blue,37,72.0,0.5138888888888888
13.15,EM,Red,35,72.0,0.4861111111111111
13.15,LEC,Blue,18,32.0,0.5625
13.15,LEC,Red,14,32.0,0.4375
13.15,LRS,Blue,8,16.0,0.5
13.15,LRS,Red,8,16.0,0.5
13.15,PCS,Blue,5,5.0,1.0
13.15,PCS,Red,0,5.0,0.0
13.15,VCS,Blue,24,43.0,0.5581395348837209
13.15,VCS,Red,19,43.0,0.4418604651162791
13.16,AL,Blue,4,9.0,0.4444444444444444
13.16,AL,Red,5,9.0,0.5555555555555556
13.16,NACL,Blue,15,25.0,0.6
13.16,NACL,Red,10,25.0,0.4
13.17,ESLOL,Blue,10,24.0,0.4166666666666667
13.17,ESLOL,Red,14,24.0,0.5833333333333334
13.17,LFL,Blue,8,18.0,0.4444444444444444
13.17,LFL,Red,10,18.0,0.5555555555555556
13.17,LFL2,Blue,9,18.0,0.5
13.17,LFL2,Red,9,18.0,0.5
13.17,LPLOL,Blue,10,18.0,0.5555555555555556
13.17,LPLOL,Red,8,18.0,0.4444444444444444
13.17,LVP SL,Blue,15,22.0,0.6818181818181818
13.17,LVP SL,Red,7,22.0,0.3181818181818182
13.17,NLC,Blue,10,12.0,0.8333333333333334
13.17,NLC,Red,2,12.0,0.16666666666666666
13.17,PRM,Blue,9,18.0,0.5
13.17,PRM,Red,9,18.0,0.5
13.17,TCL,Blue,14,20.0,0.7
13.17,TCL,Red,6,20.0,0.3
13.17,UL,Blue,11,20.0,0.55
13.17,UL,Red,9,20.0,0.45
13.18,CDF,Blue,35,68.0,0.5147058823529411
13.18,CDF,Red,33,68.0,0.4852941176470588
13.18,IC,Blue,26,36.0,0.7222222222222222
13.18,IC,Red,10,36.0,0.2777777777777778
13.18,PCS,Blue,6,15.0,0.4
13.18,PCS,Red,9,15.0,0.6
13.18,PGN,Blue,11,20.0,0.55
13.18,PGN,Red,9,20.0,0.45
13.19,ESLOL,Blue,62,97.0,0.6391752577319587
13.19,ESLOL,Red,35,97.0,0.36082474226804123
13.19,IC,Blue,12,17.0,0.7058823529411765
13.19,IC,Red,5,17.0,0.29411764705882354
13.19,LAS,Blue,66,96.0,0.6875
13.19,LAS,Red,30,96.0,0.3125
13.19,PGN,Blue,10,19.0,0.5263157894736842
13.19,PGN,Red,9,19.0,0.47368421052631576
13.19,VCS,Blue,32,55.0,0.5818181818181818
13.19,VCS,Red,23,55.0,0.41818181818181815
13.19,WLDs,Blue,63,113.0,0.5575221238938053
13.19,WLDs,Red,50,113.0,0.4424778761061947
13.2,ESLOL,Blue,14,27.0,0.5185185185185185
13.2,ESLOL,Red,13,27.0,0.48148148148148145
13.2,IC,Blue,6,9.0,0.6666666666666666
13.2,IC,Red,3,9.0,0.3333333333333333
13.2,NEXO,Blue,4,8.0,0.5
13.2,NEXO,Red,4,8.0,0.5
13.21,ESLOL,Blue,6,11.0,0.5454545454545454
13.21,ESLOL,Red,5,11.0,0.45454545454545453
13.21,IC,Blue,6,11.0,0.5454545454545454
13.21,IC,Red,5,11.0,0.45454545454545453
13.21,LAS,Blue,24,48.0,0.5
13.21,LAS,Red,24,48.0,0.5
13.21,NEXO,Blue,7,16.0,0.4375
13.21,NEXO,Red,9,16.0,0.5625
13.22,NEXO,Blue,3,5.0,0.6
13.22,NEXO,Red,2,5.0,0.4
14.01,CBLOL,Blue,17,20.0,0.85
14.01,CBLOL,Red,3,20.0,0.15
14.01,EBL,Blue,4,11.0,0.36363636363636365
14.01,EBL,Red,7,11.0,0.6363636363636364
14.01,ESLOL,Blue,5,16.0,0.3125
14.01,ESLOL,Red,11,16.0,0.6875
14.01,GLL,Blue,9,16.0,0.5625
14.01,GLL,Red,7,16.0,0.4375
14.01,HM,Blue,9,16.0,0.5625
14.01,HM,Red,7,16.0,0.4375
14.01,LCK,Blue,35,70.0,0.5
14.01,LCK,Red,35,70.0,0.5
14.01,LCKC,Blue,50,80.0,0.625
14.01,LCKC,Red,30,80.0,0.375
14.01,LCO,Blue,14,20.0,0.7
14.01,LCO,Red,6,20.0,0.3
14.01,LCS,Blue,5,8.0,0.625
14.01,LCS,Red,3,8.0,0.375
14.01,LEC,Blue,23,45.0,0.5111111111111111
14.01,LEC,Red,22,45.0,0.4888888888888889
14.01,LFL,Blue,13,30.0,0.43333333333333335
14.01,LFL,Red,17,30.0,0.5666666666666667
14.01,LIT,Blue,8,16.0,0.5
14.01,LIT,Red,8,16.0,0.5
14.01,LJL,Blue,13,24.0,0.5416666666666666
14.01,LJL,Red,11,24.0,0.4583333333333333
14.01,LLA,Blue,14,26.0,0.5384615384615384
14.01,LLA,Red,12,26.0,0.46153846153846156
14.01,LPLOL,Blue,8,15.0,0.5333333333333333
14.01,LPLOL,Red,7,15.0,0.4666666666666667
14.01,LVP SL,Blue,18,30.0,0.6
14.01,LVP SL,Red,12,30.0,0.4
14.01,NACL,Blue,3,10.0,0.3
14.01,NACL,Red,7,10.0,0.7
14.01,NLC,Blue,7,15.0,0.4666666666666667
14.01,NLC,Red,8,15.0,0.5333333333333333
14.01,PCS,Blue,20,27.0,0.7407407407407407
14.01,PCS,Red,7,27.0,0.25925925925925924
14.01,PRM,Blue,14,30.0,0.4666666666666667
14.01,PRM,Red,16,30.0,0.5333333333333333
14.01,TCL,Blue,5,16.0,0.3125
14.01,TCL,Red,11,16.0,0.6875
14.01,TSC,Blue,19,41.0,0.4634146341463415
14.01,TSC,Red,22,41.0,0.5365853658536586
14.01,UL,Blue,14,23.0,0.6086956521739131
14.01,UL,Red,9,23.0,0.391304347826087
14.01,VCS,Blue,9,21.0,0.42857142857142855
14.01,VCS,Red,12,21.0,0.5714285714285714
14.02,AL,Blue,4,12.0,0.3333333333333333
14.02,AL,Red,8,12.0,0.6666666666666666
14.02,CBLOL,Blue,9,20.0,0.45
14.02,CBLOL,Red,11,20.0,0.55
14.02,CBLOLA,Blue,11,24.0,0.4583333333333333
14.02,CBLOLA,Red,13,24.0,0.5416666666666666
14.02,EBL,Blue,10,16.0,0.625
14.02,EBL,Red,6,16.0,0.375
14.02,ESLOL,Blue,12,15.0,0.8
14.02,ESLOL,Red,2,15.0,0.13333333333333333
14.02,GLL,Blue,5,8.0,0.625
14.02,GLL,Red,3,8.0,0.375
14.02,HM,Blue,8,11.0,0.7272727272727273
14.02,HM,Red,3,11.0,0.2727272727272727
14.02,LCK,Blue,9,21.0,0.42857142857142855
14.02,LCK,Red,12,21.0,0.5714285714285714
14.02,LCKC,Blue,14,25.0,0.56
14.02,LCKC,Red,11,25.0,0.44
14.02,LCO,Blue,12,22.0,0.5454545454545454
14.02,LCO,Red,10,22.0,0.45454545454545453
14.02,LCS,Blue,8,20.0,0.4
14.02,LCS,Red,12,20.0,0.6
14.02,LEC,Blue,26,40.0,0.65
14.02,LEC,Red,14,40.0,0.35
14.02,LFL,Blue,11,20.0,0.55
14.02,LFL,Red,9,20.0,0.45
14.02,LIT,Blue,7,16.0,0.4375
14.02,LIT,Red,9,16.0,0.5625
14.02,LJL,Blue,17,36.0,0.4722222222222222
14.02,LJL,Red,19,36.0,0.5277777777777778
14.02,LLA,Blue,16,28.0,0.5714285714285714
14.02,LLA,Red,12,28.0,0.42857142857142855
14.02,LPLOL,Blue,4,12.0,0.3333333333333333
14.02,LPLOL,Red,8,12.0,0.6666666666666666
14.02,LVP SL,Blue,14,20.0,0.7
14.02,LVP SL,Red,6,20.0,0.3
14.02,NACL,Blue,12,24.0,0.5
14.02,NACL,Red,12,24.0,0.5
14.02,NLC,Blue,6,16.0,0.375
14.02,NLC,Red,10,16.0,0.625
14.02,PCS,Blue,22,39.0,0.5641025641025641
14.02,PCS,Red,17,39.0,0.4358974358974359
14.02,PRM,Blue,10,20.0,0.5
14.02,PRM,Red,10,20.0,0.5
14.02,TCL,Blue,8,16.0,0.5
14.02,TCL,Red,8,16.0,0.5
14.02,UL,Blue,11,16.0,0.6875
14.02,UL,Red,5,16.0,0.3125
14.02,VCS,Blue,13,30.0,0.43333333333333335
14.02,VCS,Red,17,30.0,0.5666666666666667
14.03,AL,Blue,8,16.0,0.5
14.03,AL,Red,8,16.0,0.5
14.03,CBLOL,Blue,10,20.0,0.5
14.03,CBLOL,Red,10,20.0,0.5
14.03,CBLOLA,Blue,16,30.0,0.5333333333333333
14.03,CBLOLA,Red,14,30.0,0.4666666666666667
14.03,EBL,Blue,7,16.0,0.4375
14.03,EBL,Red,9,16.0,0.5625
14.03,ESLOL,Blue,11,16.0,0.6875
14.03,ESLOL,Red,5,16.0,0.3125
14.03,GLL,Blue,10,15.0,0.6666666666666666
14.03,GLL,Red,5,15.0,0.3333333333333333
14.03,HC,Blue,4,8.0,0.5
14.03,HC,Red,4,8.0,0.5
14.03,HM,Blue,11,20.0,0.55
14.03,HM,Red,9,20.0,0.45
14.03,LCK,Blue,30,48.0,0.625
14.03,LCK,Red,18,48.0,0.375
14.03,LCKC,Blue,22,46.0,0.4782608695652174
14.03,LCKC,Red,24,46.0,0.5217391304347826
14.03,LCO,Blue,16,32.0,0.5
14.03,LCO,Red,16,32.0,0.5
14.03,LCS,Blue,6,8.0,0.75
14.03,LCS,Red,2,8.0,0.25
14.03,LFL,Blue,11,20.0,0.55
14.03,LFL,Red,9,20.0,0.45
14.03,LFL2,Blue,11,15.0,0.7333333333333333
14.03,LFL2,Red,4,15.0,0.26666666666666666
14.03,LIT,Blue,10,16.0,0.625
14.03,LIT,Red,6,16.0,0.375
14.03,LJL,Blue,6,13.0,0.46153846153846156
14.03,LJL,Red,7,13.0,0.5384615384615384
14.03,LLA,Blue,10,24.0,0.4166666666666667
14.03,LLA,Red,14,24.0,0.5833333333333334
14.03,LPLOL,Blue,15,20.0,0.75
14.03,LPLOL,Red,5,20.0,0.25
14.03,LVP SL,Blue,8,19.0,0.42105263157894735
14.03,LVP SL,Red,11,19.0,0.5789473684210527
14.03,NACL,Blue,20,33.0,0.6060606060606061
14.03,NACL,Red,13,33.0,0.3939393939393939
14.03,NLC,Blue,6,16.0,0.375
14.03,NLC,Red,10,16.0,0.625
14.03,PCS,Blue,11,27.0,0.4074074074074074
14.03,PCS,Red,16,27.0,0.5925925925925926
14.03,PRM,Blue,10,25.0,0.4
14.03,PRM,Red,15,25.0,0.6
14.03,TCL,Blue,11,16.0,0.6875
14.03,TCL,Red,5,16.0,0.3125
14.03,UL,Blue,7,16.0,0.4375
14.03,UL,Red,9,16.0,0.5625
14.03,VCS,Blue,30,55.0,0.5454545454545454
14.03,VCS,Red,25,55.0,0.45454545454545453
14.04,AL,Blue,15,28.0,0.5357142857142857
14.04,AL,Red,13,28.0,0.4642857142857143
14.04,CBLOL,Blue,10,20.0,0.5
14.04,CBLOL,Red,10,20.0,0.5
14.04,CBLOLA,Blue,8,12.0,0.6666666666666666
14.04,CBLOLA,Red,4,12.0,0.3333333333333333
14.04,EBL,Blue,10,23.0,0.43478260869565216
14.04,EBL,Red,13,23.0,0.5652173913043478
14.04,ESLOL,Blue,8,19.0,0.42105263157894735
14.04,ESLOL,Red,11,19.0,0.5789473684210527
14.04,GLL,Blue,14,24.0,0.5833333333333334
14.04,GLL,Red,10,24.0,0.4166666666666667
14.04,HC,Blue,10,23.0,0.43478260869565216
14.04,HC,Red,13,23.0,0.5652173913043478
14.04,HM,Blue,9,16.0,0.5625
14.04,HM,Red,7,16.0,0.4375
14.04,LCK,Blue,26,49.0,0.5306122448979592
14.04,LCK,Red,23,49.0,0.46938775510204084
14.04,LCKC,Blue,19,49.0,0.3877551020408163
14.04,LCKC,Red,30,49.0,0.6122448979591837
14.04,LCS,Blue,6,8.0,0.75
14.04,LCS,Red,2,8.0,0.25
14.04,LFL,Blue,10,20.0,0.5
14.04,LFL,Red,10,20.0,0.5
14.04,LFL2,Blue,8,15.0,0.5333333333333333
14.04,LFL2,Red,7,15.0,0.4666666666666667
14.04,LIT,Blue,6,17.0,0.35294117647058826
14.04,LIT,Red,11,17.0,0.6470588235294118
14.04,LLA,Blue,14,21.0,0.6666666666666666
14.04,LLA,Red,7,21.0,0.3333333333333333
14.04,LPLOL,Blue,7,19.0,0.3684210526315789
14.04,LPLOL,Red,12,19.0,0.631578947368421
14.04,LVP SL,Blue,9,21.0,0.42857142857142855
14.04,LVP SL,Red,12,21.0,0.5714285714285714
14.04,NACL,Blue,19,30.0,0.6333333333333333
14.04,NACL,Red,11,30.0,0.36666666666666664
14.04,NEXO,Blue,8,17.0,0.47058823529411764
14.04,NEXO,Red,9,17.0,0.5294117647058824
14.04,NLC,Blue,14,23.0,0.6086956521739131
14.04,NLC,Red,9,23.0,0.391304347826087
14.04,PRM,Blue,6,15.0,0.4
14.04,PRM,Red,9,15.0,0.6
14.04,TCL,Blue,6,8.0,0.75
14.04,TCL,Red,2,8.0,0.25
14.04,UL,Blue,8,16.0,0.5
14.04,UL,Red,8,16.0,0.5
14.05,AL,Blue,11,16.0,0.6875
14.05,AL,Red,5,16.0,0.3125
14.05,CBLOL,Blue,12,25.0,0.48
14.05,CBLOL,Red,13,25.0,0.52
14.05,CBLOLA,Blue,16,33.0,0.48484848484848486
14.05,CBLOLA,Red,17,33.0,0.5151515151515151
14.05,EBL,Blue,4,5.0,0.8
14.05,EBL,Red,1,5.0,0.2
14.05,ESLOL,Blue,1,3.0,0.3333333333333333
14.05,ESLOL,Red,2,3.0,0.6666666666666666
14.05,GLL,Blue,2,3.0,0.6666666666666666
14.05,GLL,Red,1,3.0,0.3333333333333333
14.05,HM,Blue,4,7.0,0.5714285714285714
14.05,HM,Red,3,7.0,0.42857142857142855
14.05,LCK,Blue,7,22.0,0.3181818181818182
14.05,LCK,Red,15,22.0,0.6818181818181818
14.05,LCKC,Blue,17,30.0,0.5666666666666667
14.05,LCKC,Red,13,30.0,0.43333333333333335
14.05,LCS,Blue,23,43.0,0.5348837209302325
14.05,LCS,Red,20,43.0,0.46511627906976744
14.05,LEC,Blue,22,46.0,0.4782608695652174
14.05,LEC,Red,24,46.0,0.5217391304347826
14.05,LFL,Blue,11,21.0,0.5238095238095238
14.05,LFL,Red,10,21.0,0.47619047619047616
14.05,LFL2,Blue,13,22.0,0.5909090909090909
14.05,LFL2,Red,9,22.0,0.4090909090909091
14.05,LIT,Blue,4,8.0,0.5
14.05,LIT,Red,4,8.0,0.5
14.05,LLA,Blue,10,25.0,0.4
14.05,LLA,Red,15,25.0,0.6
14.05,LPLOL,Blue,2,3.0,0.6666666666666666
14.05,LPLOL,Red,1,3.0,0.3333333333333333
14.05,LVP SL,Blue,14,26.0,0.5384615384615384
14.05,LVP SL,Red,12,26.0,0.46153846153846156
14.05,NACL,Blue,30,58.0,0.5172413793103449
14.05,NACL,Red,28,58.0,0.4827586206896552
14.05,NEXO,Blue,9,19.0,0.47368421052631576
14.05,NEXO,Red,10,19.0,0.5263157894736842
14.05,PCS,Blue,35,65.0,0.5384615384615384
14.05,PCS,Red,30,65.0,0.46153846153846156
14.05,PRM,Blue,15,26.0,0.5769230769230769
14.05,PRM,Red,11,26.0,0.4230769230769231
14.05,TCL,Blue,13,25.0,0.52
14.05,TCL,Red,12,25.0,0.48
14.05,VCS,Blue,13,23.0,0.5652173913043478
14.05,VCS,Red,10,23.0,0.43478260869565216
